REALCURRENTTIME;CORE_TEMP;RODS_POS_ACTUAL;ROD_BANK_POS_0_ORDERED
300;24.99933;100;100
600;24.99933;100;100
900;24.99933;100;100
1200;24.99933;100;100
1500;24.99933;100;100
1800;24.99933;100;100
2100;24.99933;100;100
2400;24.99933;100;100
2700;24.99933;100;100
2999;24.99933;100;100
3300;24.99933;100;100
3600;24.99933;100;100
3900;24.99933;100;100
4200;24.99933;100;100
4500;24.99933;100;100
4800;24.99933;100;100
5100;24.99933;100;100
5400;24.99933;100;100
5700;24.99933;100;100
6000;24.99933;100;100
6301;24.99933;100;100
6600;24.99933;100;100
6900;24.99933;100;100
7200;24.99933;100;100
7499;24.99933;100;100
7800;24.99933;100;100
8100;24.99933;100;100
8400;24.99933;100;100
8700;24.99933;100;100
8999;24.99933;100;100
9301;24.99933;100;100
9600;24.99933;100;100
9900;24.99933;100;100
10200;24.99933;100;100
10500;24.99933;100;100
10800;24.99933;100;100
11100;24.99933;100;100
11400;24.99933;100;100
11700;24.99933;100;100
12000;24.99933;100;75
12300;24.99933;100;75
12600;24.99933;97.5;75
12900;24.99933;97.5;75
13200;24.99933;97.5;75
13499;24.99933;97.5;75
13800;24.99933;94.27083;75
14100;24.99933;94.27083;75
14400;25.19916;94.27083;75
14700;25.19916;94.27083;75
15000;25.19916;91.45833;75
15300;25.62864;91.45833;75
15600;25.62864;91.45833;75
15900;25.62864;91.45833;75
16199;26.26758;88.33333;75
16499;26.26758;88.33333;75
16800;26.26758;88.33333;75
17100;26.26758;88.33333;75
17400;27.10582;85;75
17700;27.10582;85;75
18000;27.10582;85;75
18300;28.14319;85;75
18601;28.14319;82.39584;75
18900;28.14319;82.39584;75
19201;29.38967;82.39584;75
19500;29.38967;82.39584;75
19800;29.38967;79.16667;75
20100;29.38967;79.16667;75
20400;30.83525;79.16667;75
20700;30.83525;79.16667;75
21000;30.83525;75.83334;75
21300;32.47994;75.83334;75
21600;32.47994;75.83334;75
21900;32.47994;75.83334;75
22199;34.18382;75;75
22500;34.18382;75;75
22800;34.18382;75;75
23101;34.18382;75;75
23400;35.88706;75;75
23700;35.88706;75;75
24000;35.88706;75;75
24300;37.56982;75;75
24600;37.56982;75;75
24900;37.56982;75;75
25200;39.25227;75;75
25500;39.25227;75;75
25800;39.25227;75;75
26099;39.25227;75;75
26400;40.92456;75;75
26700;40.92456;75;75
27000;40.92456;75;75
27301;42.58675;75;75
27600;42.58675;75;75
27900;42.58675;75;75
28200;44.23886;75;75
28500;44.23886;75;75
28800;44.23886;75;75
29100;44.23886;75;75
29400;45.89089;75;75
29700;45.89089;75;75
30000;45.89089;75;75
30300;47.52285;75;75
30599;47.52285;75;75
30900;47.52285;75;75
31200;49.15475;75;75
31500;49.15475;75;75
31800;49.15475;75;75
32100;49.15475;75;75
32400;50.77658;75;75
32700;50.77658;75;75
33000;50.77658;75;75
33300;52.38837;75;75
33601;52.38837;75;75
33900;52.38837;75;75
34200;53.99011;75;75
34500;53.99011;75;75
34800;53.99011;75;75
35100;53.99011;75;75
35400;55.59181;75;75
35700;55.59181;75;75
36000;55.59181;75;75
36300;57.18346;75;75
36600;57.18346;75;75
36900;57.18346;75;75
37200;58.7551;75;75
37500;58.7551;75;75
37799;58.7551;75;75
38100;58.7551;75;75
38399;60.32672;75;75
38700;60.32672;75;75
39000;60.32672;75;75
39300;61.8983;75;75
39600;61.8983;75;75
39900;61.8983;75;75
40200;63.4583;75;75
40500;63.44987;75;75
40800;63.44987;75;75
41100;63.44987;75;75
41400;65.00143;75;75
41700;65.00143;75;75
42000;65.00143;75;75
42299;66.54297;75;75
42600;66.54297;75;75
42900;66.54297;75;75
43200;68.08297;75;75
43500;68.0745;75;75
43800;68.0745;75;75
44100;68.0745;75;75
44400;69.59604;75;75
44700;69.59604;75;75
45000;69.59604;75;75
45300;71.11757;75;75
45600;71.11757;75;75
45900;71.11757;75;75
46200;71.11757;75;75
46500;72.61911;75;75
46800;72.61911;75;75
47099;72.61911;75;75
47399;74.12066;75;75
47700;74.12066;75;75
48000;74.12066;75;75
48300;75.6222;75;75
48600;75.6222;75;75
48900;75.6222;75;75
49200;75.6222;75;75
49500;77.10375;75;75
49800;77.10375;75;75
50100;77.10375;75;75
50400;78.58531;75;75
50700;78.58531;75;75
51000;78.58531;75;75
51300;80.05688;75;75
51600;80.05688;75;75
51900;80.05688;75;75
52200;80.05688;75;75
52500;81.51847;75;75
52800;81.51847;75;75
53100;81.51847;75;75
53400;82.97008;75;75
53700;82.97008;75;75
54000;82.97008;75;75
54300;84.4217;75;75
54600;84.4217;75;75
54900;84.4217;75;75
55200;84.4217;75;75
55500;85.86334;75;75
55800;85.86334;75;75
56100;85.86334;75;75
56400;87.29501;75;75
56700;87.29501;75;75
57000;87.29501;75;75
57300;88.71671;75;75
57600;88.71671;75;75
57900;88.71671;75;75
58200;88.71671;75;75
58500;90.13841;75;75
58800;90.13841;75;75
59100;90.13841;75;75
59399;91.55015;75;75
59700;91.55015;75;75
59999;91.55015;75;75
60300;92.9619;75;75
60600;92.9619;75;75
60900;92.9619;75;75
61200;92.9619;75;75
61500;94.35368;75;75
61800;94.35368;75;75
62100;94.35368;75;75
62400;95.74549;75;75
62700;95.74549;75;75
63000;95.74549;75;75
63300;97.12733;75;75
63600;97.12733;75;75
63900;97.12733;75;75
64200;97.12733;75;75
64500;98.49919;75;75
64800;98.49919;75;75
65100;98.49919;75;75
65400;99.87109;75;75
65701;99.87109;75;75
66000;99.87109;75;75
66300;101.233;75;75
66600;101.233;75;75
66900;101.233;75;75
67200;101.233;75;75
67500;102.595;75;75
67800;102.595;75;75
68101;102.595;75;75
68399;103.9369;75;75
68699;103.9369;75;75
69000;103.9369;75;75
69300;105.279;75;75
69600;105.279;75;75
69900;105.279;75;75
70200;105.279;75;75
70500;106.611;75;75
70801;106.611;75;75
71100;106.611;75;75
71400;107.9431;75;75
71699;107.9431;75;75
72000;107.9431;75;75
72300;109.2652;75;75
72600;109.2652;75;75
72900;109.2652;75;75
73200;109.2652;75;75
73499;110.5773;75;75
73800;110.5773;75;75
74099;110.5773;75;75
74400;111.8895;75;75
74701;111.8895;75;75
75000;111.8895;75;75
75300;113.1817;75;75
75600;113.1817;75;75
75900;113.1817;75;75
76200;113.1817;75;75
76500;114.4839;75;75
76801;114.4839;75;75
77100;114.4839;75;75
77400;115.7662;75;75
77700;115.7662;75;75
78000;115.7662;75;75
78300;115.7662;75;75
78600;117.0485;75;75
78900;117.0485;75;75
79200;117.0485;75;75
79500;118.3208;75;75
79799;118.3208;75;75
80100;118.3208;75;75
80400;119.5932;75;75
80700;119.5932;75;75
81000;119.5932;75;75
81300;119.5932;75;75
81600;120.8556;75;75
81900;120.8556;75;75
82200;120.8556;75;75
82500;122.1081;75;75
82800;122.1081;75;75
83100;122.1081;75;75
83400;123.3605;75;75
83700;123.3605;75;75
84000;123.3605;75;75
84300;123.3605;75;75
84601;124.603;75;75
84900;124.603;75;75
85200;124.603;75;75
85500;125.8356;75;75
85800;125.8356;75;75
86100;125.8356;75;75
86400;127.0682;75;75
86700;127.0682;75;75
87000;127.0682;75;75
87300;127.0682;75;75
87600;128.2908;75;75
87900;128.2908;75;75
88200;128.2908;75;75
88500;129.5034;75;75
88800;129.5034;75;75
89100;129.5034;75;75
89400;130.7161;75;75
89700;130.7161;75;75
90000;130.7161;75;75
90300;130.7161;75;75
90600;131.9189;75;75
90900;131.9189;75;75
91200;131.9189;75;75
91500;133.1216;75;75
91800;133.1216;75;75
92100;133.1216;75;75
92400;134.3144;75;75
92700;134.3144;75;75
93000;134.3144;75;75
93300;134.3144;75;75
93600;135.4972;75;75
93900;135.4972;75;75
94200;135.4972;75;75
94500;136.6801;75;75
94800;136.6801;75;75
95100;136.6801;75;75
95400;137.853;75;75
95699;137.853;75;75
96000;137.853;75;75
96300;137.853;75;75
96600;139.0159;75;75
96900;139.0159;75;75
97200;139.0159;75;75
97500;140.1789;75;75
97800;140.1789;75;75
98100;140.1789;75;75
98400;141.3319;75;75
98700;141.3319;75;75
99000;141.3319;75;75
99300;141.3319;75;75
99600;142.4849;75;75
99899;142.4849;75;75
100200;142.4849;75;75
100500;143.628;75;75
100800;143.628;75;75
101100;143.628;75;75
101399;144.771;75;75
101700;144.771;75;75
102000;144.771;75;75
102300;144.771;75;75
102600;145.9042;75;75
102900;145.9042;75;75
103200;145.9042;75;75
103500;147.0273;75;75
103800;147.0273;75;75
104100;147.0273;75;75
104400;148.1505;75;75
104700;148.1505;75;75
105000;148.1505;75;75
105300;148.1505;75;75
105600;149.2638;75;75
105900;149.2638;75;75
106200;149.2638;75;75
106499;150.377;75;75
106800;150.377;75;75
107099;150.377;75;75
107399;151.4803;75;75
107700;151.4803;75;75
108000;151.4803;75;75
108301;151.4803;75;75
108600;152.5737;75;75
108900;152.5737;75;75
109200;152.5737;75;75
109499;153.667;75;75
109800;153.667;75;75
110100;153.667;75;75
110400;154.767;75;75
110700;154.7604;75;75
111000;154.7604;75;75
111299;154.7604;75;75
111600;155.8339;75;75
111901;155.8339;75;75
112201;155.8339;75;75
112500;156.9173;75;75
112801;156.9173;75;75
113100;156.9173;75;75
113400;156.9173;75;75
113699;157.9809;75;75
114000;157.9809;75;75
114300;157.9809;75;75
114600;159.0444;75;75
114900;159.0444;75;75
115200;159.0444;75;75
115500;160.108;75;75
115800;160.108;75;75
116100;160.108;75;75
116400;160.108;75;75
116700;161.1615;75;75
117000;161.1615;75;75
117300;161.1615;75;75
117600;162.2052;75;75
117900;162.2052;75;75
118200;162.2052;75;75
118500;163.2489;75;75
118801;163.2489;75;75
119100;163.2489;75;75
119400;163.2489;75;75
119700;164.2925;75;75
119999;164.2925;75;75
120300;164.2925;75;75
120600;165.3263;75;75
120900;165.3263;75;75
121200;165.3263;75;75
121500;166.35;75;75
121800;166.35;75;75
122100;166.35;75;75
122400;166.35;75;75
122700;167.3738;75;75
122999;167.3738;75;75
123300;167.3738;75;75
123600;168.3876;75;75
123900;168.3876;75;75
124200;168.3876;75;75
124500;169.4015;75;75
124800;169.4015;75;75
125100;169.4015;75;75
125400;169.4015;75;75
125700;170.4054;75;75
126000;170.4054;75;75
126300;170.4054;75;75
126600;171.4093;75;75
126900;171.4093;75;75
127200;171.4093;75;75
127500;172.4032;75;75
127800;172.4032;75;75
128099;172.4032;75;75
128399;172.4032;75;75
128700;173.3972;75;75
129000;173.3972;75;75
129299;173.3972;75;75
129600;174.3812;75;75
129900;174.3812;75;75
130200;174.3812;75;75
130500;175.3652;75;75
130800;175.3652;75;75
131100;175.3652;75;75
131400;175.3652;75;75
131700;176.3393;75;75
132000;176.3393;75;75
132300;176.3393;75;75
132600;177.3034;75;75
132900;177.3034;75;75
133200;177.3034;75;75
133500;178.2675;75;75
133800;178.2675;75;75
134100;178.2675;75;75
134400;178.2675;75;75
134700;179.2317;75;75
135000;179.2317;75;75
135300;179.2317;75;75
135600;180.1859;75;75
135900;180.1859;75;75
136200;180.1859;75;75
136500;181.1401;75;75
136800;181.1401;75;75
137100;181.1401;75;75
137400;181.1401;75;75
137700;182.0844;75;75
138000;182.0844;75;75
138300;182.0844;75;75
138600;183.0186;75;75
138900;183.0186;75;75
139200;183.0186;75;75
139500;183.9629;75;75
139800;183.9629;75;75
140100;183.9629;75;75
140401;183.9629;75;75
140699;184.8873;75;75
141000;184.8873;75;75
141300;184.8873;75;75
141600;185.8216;75;75
141900;185.8216;75;75
142200;185.8216;75;75
142500;186.7416;75;75
142800;186.736;75;75
143100;186.736;75;75
143400;186.736;75;75
143700;187.6505;75;75
144000;187.6505;75;75
144300;187.6505;75;75
144600;188.5649;75;75
144900;188.5649;75;75
145200;188.5649;75;75
145500;188.5649;75;75
145800;189.4694;75;75
146100;189.4694;75;75
146400;189.4694;75;75
146700;190.3739;75;75
147000;190.3739;75;75
147300;190.3739;75;75
147600;191.2785;75;75
147900;191.2785;75;75
148200;191.2785;75;75
148500;191.2785;75;75
148800;192.173;75;75
149100;192.173;75;75
149400;192.173;75;75
149700;193.0576;75;75
150000;193.0576;75;75
150300;193.0576;75;75
150600;193.9422;75;75
150900;193.9422;75;75
151200;193.9422;75;75
151500;193.9422;75;75
151801;194.8269;75;75
152100;194.8269;75;75
152400;194.8269;75;75
152700;195.7015;75;75
153001;195.7015;75;75
153300;195.7015;75;75
153600;196.5662;75;75
153900;196.5662;75;75
154200;196.5662;75;75
154500;196.5662;75;75
154800;197.431;75;75
155100;197.431;75;75
155400;197.431;75;75
155701;198.2957;75;75
156000;198.2957;75;75
156300;198.2957;75;75
156600;199.1505;75;75
156900;199.1505;75;75
157200;199.1505;75;75
157500;199.1505;75;75
157800;200.0053;75;75
158100;200.0053;75;75
158400;200.0053;75;75
158700;200.8502;75;75
159000;200.8502;75;75
159300;200.8502;75;75
159600;201.695;75;75
159900;201.695;75;75
160200;201.695;75;75
160500;201.695;75;75
160800;202.5399;75;75
161100;202.5399;75;75
161400;202.5399;75;75
161700;203.3748;75;75
162000;203.3748;75;75
162300;203.3748;75;75
162600;204.1998;75;75
162900;204.1998;75;75
163200;204.1998;75;75
163500;204.1998;75;75
163800;205.0248;75;75
164101;205.0248;75;75
164400;205.0248;75;75
164700;205.8498;75;75
165000;205.8498;75;75
165300;205.8498;75;75
165600;206.6648;75;75
165900;206.6648;75;75
166200;206.6648;75;75
166500;206.6648;75;75
166800;207.4799;75;75
167100;207.4799;75;75
167400;207.4799;75;75
167700;208.2949;75;75
168000;208.2949;75;75
168300;208.2949;75;75
168600;209.1;75;75
168900;209.1;75;75
169200;209.1;75;75
169499;209.1;75;75
169800;209.8952;75;75
170100;209.8952;75;75
170400;209.8952;75;75
170700;210.7003;75;75
171000;210.7003;75;75
171300;210.7003;75;75
171600;211.5003;75;75
171900;211.4955;75;75
172200;211.4955;75;75
172500;211.4955;75;75
172800;212.2807;75;75
173100;212.2807;75;75
173401;212.2807;75;75
173701;213.0659;75;75
174000;213.0659;75;75
174300;213.0659;75;75
174600;213.0659;75;75
174901;213.8411;75;75
175200;213.8411;75;75
175500;213.8411;75;75
175800;214.6164;75;75
176100;214.6164;75;75
176400;214.6164;75;75
176700;215.3917;75;75
177000;215.3917;75;75
177300;215.3917;75;75
177600;215.3917;75;75
177900;216.157;75;75
178200;216.157;75;75
178500;216.157;75;75
178800;216.9224;75;75
179100;216.9224;75;75
179400;216.9224;75;75
179700;217.6878;75;75
180000;217.6878;75;75
180300;217.6878;75;75
180599;217.6878;75;75
180900;218.4431;75;75
181200;218.4431;75;75
181500;218.4431;75;75
181801;219.1986;75;75
182100;219.1986;75;75
182400;219.1986;75;75
182700;219.944;75;75
183000;219.944;75;75
183300;219.944;75;75
183600;219.944;75;75
183901;220.6895;75;75
184200;220.6895;75;75
184500;220.6895;75;75
184800;221.425;75;75
185100;221.425;75;75
185400;221.425;75;75
185699;222.1605;75;75
186000;222.1605;75;75
186300;222.1605;75;75
186600;222.1605;75;75
186900;222.896;75;75
187200;222.896;75;75
187500;222.896;75;75
187800;223.6316;75;75
188100;223.6316;75;75
188400;223.6316;75;75
188700;224.3572;75;75
189000;224.3572;75;75
189300;224.3572;75;75
189599;224.3572;75;75
189900;225.0728;75;75
190200;225.0728;75;75
190500;225.0728;75;75
190800;225.7984;75;75
191100;225.7984;75;75
191400;225.7984;75;75
191699;226.5141;75;75
192000;226.5141;75;75
192300;226.5141;75;75
192600;226.5141;75;75
192900;227.2197;75;75
193200;227.2197;75;75
193500;227.2197;75;75
193800;227.9254;75;75
194100;227.9254;75;75
194400;227.9254;75;75
194700;228.6312;75;75
195000;228.6312;75;75
195300;228.6312;75;75
195601;228.6312;75;75
195900;229.3269;75;75
196200;229.3269;75;75
196500;229.3269;75;75
196800;230.0227;75;75
197100;230.0227;75;75
197400;230.0227;75;75
197700;230.7185;75;75
198000;230.7185;75;75
198300;230.7185;75;75
198600;230.7185;75;75
198900;231.4043;75;75
199200;231.4043;75;75
199500;231.4043;75;75
199800;232.0901;75;75
200100;232.0901;75;75
200400;232.0901;75;75
200700;232.776;75;75
201000;232.776;75;75
201300;232.776;75;75
201600;232.776;75;75
201900;233.4518;75;75
202200;233.4518;75;75
202500;233.4518;75;75
202800;234.1277;75;75
203100;234.1277;75;75
203400;234.1277;75;75
203700;234.7936;75;75
204000;234.7936;75;75
204300;234.7936;75;75
204600;234.7936;75;75
204900;235.4595;75;75
205200;235.4595;75;75
205500;235.4595;75;75
205800;236.1255;75;75
206100;236.1255;75;75
206400;236.1255;75;75
206700;236.7915;75;75
207000;236.7915;75;75
207300;236.7915;75;75
207600;236.7915;75;75
207900;237.4475;75;75
208200;237.4475;75;75
208500;237.4475;75;75
208800;238.1035;75;75
209099;238.1035;75;75
209400;238.1035;75;75
209701;238.7495;75;75
210000;238.7495;75;75
210300;238.7495;75;75
210600;238.7495;75;75
210900;239.3956;75;75
211200;239.3956;75;75
211499;239.3956;75;75
211800;240.0417;75;75
212100;240.0417;75;75
212400;240.0417;75;75
212700;240.6817;75;75
213000;240.6778;75;75
213300;240.6778;75;75
213600;240.6778;75;75
213900;241.3139;75;75
214200;241.3139;75;75
214500;241.3139;75;75
214800;241.95;75;75
215100;241.95;75;75
215400;241.95;75;75
215700;241.95;75;75
216000;242.5762;75;75
216300;242.5762;75;75
216600;242.5762;75;75
216900;243.2024;75;75
217200;243.2024;75;75
217500;243.2024;75;75
217800;243.8286;75;75
218100;243.8286;75;75
218400;243.8286;75;75
218700;243.8286;75;75
219000;244.4449;75;75
219300;244.4449;75;75
219599;244.4449;75;75
219900;245.0712;75;75
220200;245.0712;75;75
220500;245.0712;75;75
220800;245.6874;75;75
221100;245.6874;75;75
221400;245.6874;75;75
221700;245.6874;75;75
222000;246.2938;75;75
222300;246.2938;75;75
222600;246.2938;75;75
222900;246.9001;75;75
223200;246.9001;75;75
223500;246.9001;75;75
223800;247.5065;75;75
224100;247.5065;75;75
224400;247.5065;75;75
224700;247.5065;75;75
225000;248.1029;75;75
225300;248.1029;75;75
225600;248.1029;75;75
225900;248.6993;75;75
226200;248.6993;75;75
226500;248.6993;75;75
226800;249.2958;75;75
227100;249.2958;75;75
227401;249.2958;75;75
227700;249.2958;75;75
227999;249.8922;75;75
228300;249.8922;75;75
228600;249.8922;75;75
228900;250.4787;75;75
229200;250.4787;75;75
229500;250.4787;75;75
229800;251.0652;75;75
230100;251.0652;75;75
230400;251.0652;75;75
230700;251.0652;75;75
231000;251.6517;75;75
231300;251.6517;75;75
231600;251.6517;75;75
231900;252.2283;75;75
232200;252.2283;75;75
232500;252.2283;75;75
232800;252.8049;75;75
233100;252.8049;75;75
233400;252.8049;75;75
233700;252.8049;75;75
234000;253.3815;75;75
234300;253.3815;75;75
234600;253.3815;75;75
234900;253.9481;75;75
235200;253.9481;75;75
235500;253.9481;75;75
235800;254.5147;75;75
236100;254.5147;75;75
236400;254.5147;75;75
236700;254.5147;75;75
237000;255.0814;75;75
237300;255.0814;75;75
237600;255.0814;75;75
237900;255.638;75;75
238200;255.638;75;75
238500;255.638;75;75
238800;256.1947;75;75
239100;256.1947;75;75
239400;256.1947;75;75
239700;256.1947;75;75
240000;256.7514;75;75
240300;256.7514;75;75
240600;256.7514;75;75
240900;257.3082;75;75
241200;257.3082;75;75
241500;257.3082;75;75
241800;257.8549;75;75
242100;257.8549;75;75
242401;257.8549;75;75
242700;257.8549;75;75
243000;258.4017;75;75
243300;258.4017;75;75
243600;258.4017;75;75
243900;258.9485;75;75
244200;258.9485;75;75
244500;258.9485;75;75
244800;259.4853;75;75
245100;259.4853;75;75
245400;259.4853;75;75
245699;259.4853;75;75
246000;260.0221;75;75
246300;260.0221;75;75
246600;260.0221;75;75
246900;260.5589;75;75
247200;260.5589;75;75
247500;260.5589;75;75
247800;260.5589;75;75
248101;261.0958;75;75
248400;261.0958;75;75
248700;261.0958;75;75
249000;261.6227;75;75
249300;261.6227;75;75
249600;261.6227;75;75
249900;262.1496;75;75
250200;262.1496;75;75
250500;262.1496;75;75
250800;262.1496;75;75
251100;262.6765;75;75
251400;262.6765;75;75
251700;262.6765;75;75
252000;263.1934;75;75
252299;263.1934;75;75
252600;263.1934;75;75
252900;263.7103;75;75
253201;263.7103;75;75
253500;263.7103;75;75
253800;263.7103;75;75
254100;264.2273;75;75
254400;264.2273;75;75
254700;264.2273;75;75
255001;264.7443;75;75
255300;264.7443;75;75
255600;264.7443;75;75
255900;265.2513;75;75
256200;265.2513;75;75
256500;265.2513;75;75
256800;265.2513;75;75
257101;265.7583;75;75
257400;265.7583;75;75
257700;265.7583;75;75
257999;266.2654;75;75
258300;266.2654;75;75
258600;266.2654;75;75
258900;266.7624;75;75
259200;266.7624;75;75
259500;266.7624;75;75
259800;266.7624;75;75
260100;267.2695;75;75
260401;267.2695;75;75
260700;267.2695;75;75
261000;267.7665;75;75
261300;267.7665;75;75
261600;267.7665;75;75
261900;268.2636;75;75
262200;268.2636;75;75
262500;268.2636;75;75
262800;268.2636;75;75
263100;268.7507;75;75
263400;268.7507;75;75
263700;268.7507;75;75
264000;269.2379;75;75
264300;269.2379;75;75
264601;269.2379;75;75
264900;269.725;75;75
265200;269.725;75;75
265500;269.725;75;75
265800;269.725;75;75
266100;270.2122;75;75
266400;270.2122;75;75
266700;270.2122;75;75
267000;270.6894;75;75
267300;270.6894;75;75
267600;270.6894;75;75
267900;271.1666;75;75
268200;271.1666;75;75
268500;271.1666;75;75
268800;271.1666;75;75
269100;271.6438;75;75
269400;271.6438;75;75
269700;271.6438;75;75
270000;272.121;75;75
270300;272.121;75;75
270600;272.121;75;75
270901;272.5883;75;75
271200;272.5883;75;75
271500;272.5883;75;75
271800;272.5883;75;75
272100;273.0555;75;75
272400;273.0555;75;75
272700;273.0555;75;75
273000;273.5228;75;75
273300;273.5228;75;75
273600;273.5228;75;75
273900;273.9901;75;75
274200;273.9901;75;75
274500;273.9901;75;75
274800;273.9901;75;75
275100;274.4474;75;75
275400;274.4474;75;75
275700;274.4474;75;75
275999;274.9047;75;75
276300;274.9047;75;75
276600;274.9047;75;75
276900;275.3621;75;75
277200;275.3621;75;75
277500;275.3621;75;75
277800;275.3621;75;75
278100;275.8194;75;75
278400;275.8194;75;75
278700;275.8194;75;75
279000;276.2668;75;75
279300;276.2668;75;75
279600;276.2668;75;75
279900;276.7142;75;75
280200;276.7142;75;75
280500;276.7142;75;75
280800;276.7142;75;75
281100;277.1616;75;75
281401;277.1616;75;75
281700;277.1616;75;75
282000;277.609;75;75
282300;277.609;75;75
282600;277.609;75;75
282900;278.0464;75;75
283200;278.0464;75;75
283500;278.0464;75;75
283800;278.0464;75;75
284100;278.4839;75;75
284399;278.4839;75;75
284700;278.4839;75;75
285000;278.9214;75;75
285300;278.9214;75;75
285600;278.9214;75;75
285900;279.3614;75;75
286200;279.3588;75;75
286500;279.3588;75;75
286800;279.3588;75;75
287100;279.7963;75;75
287400;279.7963;75;75
287700;279.7963;75;75
288001;280.2238;75;75
288300;280.2238;75;75
288600;280.2238;75;75
288900;280.2238;75;75
289200;280.6513;75;75
289500;280.6513;75;75
289800;280.6513;75;75
290099;281.0788;75;75
290399;281.0788;75;75
290700;281.0788;75;75
291000;281.4964;75;75
291300;281.4964;75;75
291600;281.4964;75;75
291900;281.4964;75;75
292200;281.924;75;75
292500;281.924;75;75
292800;281.924;75;75
293100;282.3415;75;75
293400;282.3415;75;75
293700;282.3415;75;75
294000;282.7591;75;75
294300;282.7591;75;75
294600;282.7591;75;75
294900;282.7591;75;75
295200;283.1667;75;75
295500;283.1667;75;75
295800;283.1667;75;75
296100;283.5844;75;75
296400;283.5844;75;75
296700;283.5844;75;75
297000;283.992;75;75
297300;283.992;75;75
297600;283.992;75;75
297900;283.992;75;75
298200;284.3997;75;75
298500;284.3997;75;75
298800;284.3997;75;75
299100;284.8073;75;75
299400;284.8073;75;75
299700;284.8073;75;75
300000;285.205;75;75
300300;285.205;75;75
300600;285.205;75;75
300900;285.205;75;75
301200;285.6127;75;75
301500;285.6127;75;75
301800;285.6127;75;75
302100;286.0104;75;75
302400;286.0104;75;75
302700;286.0104;75;75
303000;286.4081;75;75
303300;286.4081;75;75
303600;286.4081;75;75
303900;286.4081;75;75
304200;286.7958;75;75
304500;286.7958;75;75
304800;286.7958;75;75
305100;287.1936;75;75
305400;287.1936;75;75
305700;287.1936;75;75
306000;287.5814;75;75
306300;287.5814;75;75
306600;287.5814;75;75
306900;287.5814;75;75
307200;287.9691;75;75
307500;287.9691;75;75
307800;287.9691;75;75
308100;288.3569;75;75
308400;288.3569;75;75
308700;288.3569;75;75
309000;288.7448;75;75
309300;288.7448;75;75
309599;288.7448;75;75
309900;288.7448;75;75
310200;289.1226;75;75
310500;289.1226;75;75
310800;289.1226;75;75
311100;289.5004;75;75
311400;289.5004;75;75
311700;289.5004;75;75
312000;289.8882;75;75
312300;289.8882;75;75
312600;289.8882;75;75
312900;289.8882;75;75
313200;290.2561;75;75
313500;290.2561;75;75
313800;290.2561;75;75
314100;290.6339;75;75
314400;290.6339;75;75
314700;290.6339;75;75
315000;291.0018;75;75
315300;291.0018;75;75
315600;291.0018;75;75
315900;291.0018;75;75
316200;291.3697;75;75
316501;291.3697;75;75
316800;291.3697;75;75
317100;291.7376;75;75
317400;291.7376;75;75
317700;291.7376;75;75
318000;292.1055;75;75
318300;292.1055;75;75
318600;292.1055;75;75
318900;292.1055;75;75
319200;292.4734;75;75
319500;292.4734;75;75
319800;292.4734;75;75
320100;292.8313;75;75
320400;292.8313;75;75
320700;292.8313;75;75
321000;292.8313;75;75
321300;293.1893;75;75
321600;293.1893;75;75
321900;293.1893;75;75
322200;293.5572;75;75
322500;293.5572;75;75
322801;293.5572;75;75
323100;293.9152;75;75
323400;293.9152;75;75
323700;293.9152;75;75
324000;293.9152;75;75
324300;294.2632;75;75
324600;294.2632;75;75
324900;294.2632;75;75
325200;294.6212;75;75
325500;294.6212;75;75
325800;294.6212;75;75
326100;294.9692;75;75
326400;294.9692;75;75
326700;294.9692;75;75
327000;294.9692;75;75
327300;295.3172;75;75
327600;295.3172;75;75
327900;295.3172;75;75
328200;295.6653;75;75
328499;295.6653;75;75
328800;295.6653;75;75
329100;296.0033;75;75
329400;296.0033;75;75
329700;296.0033;75;75
330001;296.0033;75;75
330300;296.3514;75;75
330600;296.3514;75;75
330900;296.3514;75;75
331200;296.6895;75;75
331500;296.6895;75;75
331800;296.6895;75;75
332101;297.0276;75;75
332400;297.0276;75;75
332700;297.0276;75;75
333000;297.0276;75;75
333300;297.3657;75;75
333600;297.3657;75;75
333900;297.3657;75;75
334200;297.7038;75;75
334500;297.7038;75;75
334800;297.7038;75;75
335100;298.0319;75;75
335401;298.0319;75;75
335700;298.0319;75;75
336000;298.0319;75;75
336300;298.3701;75;75
336600;298.3701;75;75
336900;298.3701;75;75
337200;298.6982;75;75
337499;298.6982;75;75
337800;298.6982;75;75
338100;299.0264;75;75
338400;299.0264;75;75
338700;299.0264;75;75
339000;299.0264;75;75
339300;299.3546;75;75
339600;299.3546;75;75
339901;299.3546;75;75
340200;299.6827;75;75
340500;299.6827;75;75
340800;299.6827;75;75
341100;300.0009;75;75
341400;300.0009;75;75
341700;300.0009;75;75
342000;300.0009;75;75
342299;300.3292;75;75
342600;300.3292;75;75
342900;300.3292;75;75
343200;300.6474;75;75
343500;300.6474;75;75
343800;300.6474;75;75
344100;300.9657;75;75
344400;300.9657;75;75
344700;300.9657;75;75
345000;300.9657;75;75
345300;301.2739;75;75
345600;301.2739;75;75
345901;301.2739;75;75
346201;301.5922;75;75
346500;301.5922;75;75
346800;301.5922;75;75
347100;301.9005;75;75
347400;301.9005;75;75
347700;301.9005;75;75
348000;301.9005;75;75
348300;302.2188;75;75
348600;302.2188;75;75
348900;302.2188;75;75
349200;302.5271;75;75
349500;302.5271;75;75
349800;302.5271;75;75
350100;302.8354;75;75
350400;302.8354;75;75
350700;302.8354;75;75
351000;302.8354;75;75
351300;303.1437;75;75
351600;303.1437;75;75
351900;303.1437;75;75
352200;303.4421;75;75
352500;303.4421;75;75
352800;303.4421;75;75
353100;303.7504;75;75
353400;303.7504;75;75
353700;303.7504;75;75
354000;303.7504;75;75
354300;304.0488;75;75
354600;304.0488;75;75
354900;304.0488;75;75
355200;304.3472;75;75
355500;304.3472;75;75
355801;304.3472;75;75
356100;304.6472;75;75
356401;304.6456;75;75
356700;304.6456;75;75
357000;304.6456;75;75
357300;304.944;75;75
357600;304.944;75;75
357900;304.944;75;75
358199;305.2324;75;75
358500;305.2324;75;75
358800;305.2324;75;75
359100;305.2324;75;75
359400;305.5309;75;75
359700;305.5309;75;75
360000;305.5309;75;75
360300;305.8193;75;75
360600;305.8193;75;75
360900;305.8193;75;75
361200;306.1078;75;75
361500;306.1078;75;75
361800;306.1078;75;75
362100;306.1078;75;75
362400;306.3963;75;75
362700;306.3963;75;75
363000;306.3963;75;75
363300;306.6848;75;75
363600;306.6848;75;75
363900;306.6848;75;75
364201;306.9633;75;75
364500;306.9633;75;75
364800;306.9633;75;75
365100;306.9633;75;75
365400;307.2519;75;75
365700;307.2519;75;75
366000;307.2519;75;75
366300;307.5304;75;75
366600;307.5304;75;75
366900;307.5304;75;75
367200;307.809;75;75
367500;307.809;75;75
367800;307.809;75;75
368100;307.809;75;75
368400;308.0875;75;75
368700;308.0875;75;75
369000;308.0875;75;75
369300;308.3661;75;75
369600;308.3661;75;75
369900;308.3661;75;75
370200;308.6447;75;75
370500;308.6447;75;75
370800;308.6447;75;75
371100;308.6447;75;75
371400;308.9133;75;75
371700;308.9133;75;75
372000;308.9133;75;75
372300;309.192;75;75
372600;309.192;75;75
372900;309.192;75;75
373201;309.4606;75;75
373500;309.4606;75;75
373800;309.4606;75;75
374100;309.4606;75;75
374400;309.7292;75;75
374700;309.7292;75;75
375000;309.7292;75;75
375300;309.9979;75;75
375600;309.9979;75;75
375901;309.9979;75;75
376200;310.2665;75;75
376500;310.2665;75;75
376800;310.2665;75;75
377100;310.2665;75;75
377400;310.5253;75;75
377700;310.5253;75;75
378000;310.5253;75;75
378300;310.794;75;75
378600;310.794;75;75
378900;310.794;75;75
379200;311.0527;75;75
379500;311.0527;75;75
379801;311.0527;75;75
380100;311.0527;75;75
380400;311.3115;75;75
380700;311.3115;75;75
381000;311.3115;75;75
381300;311.5702;75;75
381600;311.5702;75;75
381900;311.5702;75;75
382200;311.829;75;75
382500;311.829;75;75
382800;311.829;75;75
383100;311.829;75;75
383399;312.0878;75;75
383700;312.0878;75;75
384000;312.0878;75;75
384300;312.3365;75;75
384600;312.3365;75;75
384900;312.3365;75;75
385200;312.5954;75;75
385500;312.5954;75;75
385800;312.5954;75;75
386100;312.5954;75;75
386400;312.8442;75;75
386699;312.8442;75;75
387000;312.8442;75;75
387300;313.093;75;75
387600;313.093;75;75
387900;313.093;75;75
388200;313.3418;75;75
388500;313.3418;75;75
388800;313.3418;75;75
389100;313.3418;75;75
389400;313.5907;75;75
389700;313.5907;75;75
390000;313.5907;75;75
390300;313.8395;75;75
390600;313.8395;75;75
390900;313.8395;75;75
391200;314.0784;75;75
391500;314.0784;75;75
391800;314.0784;75;75
392100;314.0784;75;75
392400;314.3272;75;75
392700;314.3272;75;75
393000;314.3272;75;75
393300;314.5661;75;75
393600;314.5661;75;75
393900;314.5661;75;75
394200;314.805;75;75
394500;314.805;75;75
394801;314.805;75;75
395100;314.805;75;75
395400;315.0439;75;75
395700;315.0439;75;75
396000;315.0439;75;75
396300;315.2828;75;75
396601;315.2828;75;75
396900;315.2828;75;75
397200;315.5228;75;75
397501;315.5217;75;75
397800;315.5217;75;75
398100;315.5217;75;75
398400;315.7606;75;75
398699;315.7606;75;75
399000;315.7606;75;75
399300;315.9896;75;75
399600;315.9896;75;75
399900;315.9896;75;75
400200;315.9896;75;75
400500;316.2285;75;75
400801;316.2285;75;75
401100;316.2285;75;75
401400;316.4575;75;75
401700;316.4575;75;75
402000;316.4575;75;75
402300;316.6864;75;75
402600;316.6864;75;75
402900;316.6864;75;75
403200;316.6864;75;75
403500;316.9154;75;75
403800;316.9154;75;75
404100;316.9154;75;75
404400;317.1444;75;75
404700;317.1444;75;75
404999;317.1444;75;75
405300;317.3734;75;75
405600;317.3734;75;75
405899;317.3734;75;75
406200;317.3734;75;75
406500;317.5924;75;75
406800;317.5924;75;75
407100;317.5924;75;75
407400;317.8214;75;75
407700;317.8214;75;75
408000;317.8214;75;75
408301;318.0404;75;75
408600;318.0404;75;75
408900;318.0404;75;75
409200;318.0404;75;75
409500;318.2594;75;75
409800;318.2594;75;75
410100;318.2594;75;75
410400;318.4785;75;75
410701;318.4785;75;75
411000;318.4785;75;75
411300;318.6975;75;75
411600;318.6975;75;75
411900;318.6975;75;75
412200;318.6975;75;75
412500;318.9165;75;75
412800;318.9165;75;75
413100;318.9165;75;75
413400;319.1356;75;75
413700;319.1356;75;75
414000;319.1356;75;75
414300;319.3446;75;75
414600;319.3446;75;75
414899;319.3446;75;75
415200;319.3446;75;75
415500;319.5637;75;75
415800;319.5637;75;75
416100;319.5637;75;75
416400;319.7727;75;75
416700;319.7727;75;75
417000;319.7727;75;75
417300;319.9818;75;75
417600;319.9818;75;75
417900;319.9818;75;75
418200;319.9818;75;75
418500;320.1909;75;75
418800;320.1909;75;75
419100;320.1909;75;75
419400;320.4;75;75
419700;320.4;75;75
420000;320.4;75;75
420300;320.609;75;75
420600;320.609;75;75
420900;320.609;75;75
421200;320.609;75;75
421500;320.8181;75;75
421800;320.8181;75;75
422100;320.8181;75;75
422399;320.8181;75;75
422699;320.8181;75;75
423000;320.8181;75;75
423300;321.1273;75;75
423600;321.1273;75;75
423900;321.1273;75;75
424200;321.1273;75;75
424501;321.1273;75;75
424800;321.1273;75;75
425100;321.1273;75;75
425400;321.4066;75;75
425700;321.4066;75;75
426000;321.4066;75;75
426300;321.4066;75;75
426600;321.4066;75;75
426900;321.4066;75;75
427200;321.4066;75;75
427500;321.676;75;75
427800;321.676;75;75
428100;321.676;75;75
428400;321.676;75;75
428700;321.676;75;75
429000;321.676;75;75
429300;321.946;75;75
429600;321.9454;75;75
429900;321.9454;75;75
430200;321.9454;75;75
430500;321.9454;75;75
430800;321.9454;75;75
431101;321.9454;75;75
431400;322.2148;75;75
431700;322.2148;75;75
432000;322.2148;75;75
432300;322.3448;75;75
432599;322.2148;75;75
432900;322.2148;75;75
433200;322.2148;75;75
433500;322.4743;75;75
433800;322.4743;75;75
434100;322.4743;75;75
434400;322.4743;75;75
434700;322.4743;75;75
434999;322.4743;75;75
435300;322.4743;75;75
435600;322.7337;75;75
435900;322.7337;75;75
436200;322.7337;75;75
436500;322.7332;75;75
436801;322.7332;75;75
437100;322.7332;75;75
437400;322.9927;75;75
437700;322.9927;75;75
438000;322.9927;75;75
438300;322.9927;75;75
438600;322.9927;75;75
438900;322.9927;75;75
439200;322.9927;75;75
439499;323.2422;75;75
439800;323.2422;75;75
440100;323.2422;75;75
440400;323.2417;75;75
440700;323.2417;75;75
441000;323.2417;75;75
441300;323.2417;75;75
441600;323.5011;75;75
441900;323.5011;75;75
442200;323.5011;75;75
442500;323.5011;75;75
442800;323.5011;75;75
443100;323.5011;75;75
443400;323.7505;75;75
443699;323.7505;75;75
444000;323.7505;75;75
444300;323.7505;75;75
444600;323.7501;75;75
444900;323.7501;75;75
445200;323.7501;75;75
445500;323.9995;75;75
445800;323.9995;75;75
446100;323.9995;75;75
446400;323.9991;75;75
446700;323.9991;75;75
447000;323.9991;75;75
447300;323.9991;75;75
447600;324.2485;75;75
447900;324.2485;75;75
448200;324.2485;75;75
448500;324.2485;75;75
448800;324.2485;75;75
449100;324.2485;75;75
449400;324.4979;75;75
449701;324.4979;75;75
450000;324.4979;75;75
450301;324.4979;75;75
450600;324.4979;75;75
450900;324.4979;75;75
451200;324.4979;75;75
451500;324.7373;75;75
451800;324.7373;75;75
452100;324.7373;75;75
452400;324.7373;75;75
452700;324.7373;75;75
453000;324.7373;75;75
453300;324.7373;75;75
453600;324.9767;75;75
453900;324.9767;75;75
454200;324.9767;75;75
454500;324.9763;75;75
454800;324.9763;75;75
455100;324.9763;75;75
455400;325.2158;75;75
455700;325.2158;75;75
456000;325.2158;75;75
456300;325.2158;75;75
456600;325.2154;75;75
456900;325.2154;75;75
457200;325.2154;75;75
457500;325.4549;75;75
457800;325.4549;75;75
458100;325.4549;75;75
458401;325.4549;75;75
458700;325.4549;75;75
459000;325.4549;75;75
459300;325.4549;75;75
459600;325.6943;75;75
459900;325.6943;75;75
460200;325.6943;75;75
460500;325.6939;75;75
460800;325.6939;75;75
461099;325.6939;75;75
461400;325.9233;75;75
461700;325.9233;75;75
462000;325.9233;75;75
462300;325.9233;75;75
462600;325.9229;75;75
462900;325.9229;75;75
463200;325.9229;75;75
463500;326.1524;75;75
463800;326.1524;75;75
464100;326.1524;75;75
464399;326.152;75;75
464700;326.152;75;75
465000;326.152;75;75
465300;326.152;75;75
465600;326.3815;75;75
465900;326.3815;75;75
466200;326.3815;75;75
466500;326.3815;75;75
466800;326.3815;75;75
467100;326.3815;75;75
467400;326.6109;75;75
467699;326.6109;75;75
468000;326.6109;75;75
468300;326.6109;75;75
468600;326.6105;75;75
468900;326.6105;75;75
469200;326.6105;75;75
469500;326.84;75;75
469800;326.84;75;75
470100;326.84;75;75
470400;326.9495;75;75
470700;326.84;75;75
471001;326.84;75;75
471301;326.84;75;75
471600;327.0596;75;75
471900;327.0596;75;75
472200;327.0596;75;75
472500;327.0592;75;75
472799;327.0592;75;75
473100;327.0592;75;75
473400;327.2792;75;75
473700;327.2787;75;75
474000;327.2787;75;75
474300;327.2787;75;75
474600;327.2787;75;75
474900;327.2787;75;75
475199;327.2787;75;75
475500;327.4982;75;75
475800;327.4982;75;75
476100;327.4982;75;75
476400;327.4982;75;75
476700;327.4978;75;75
477000;327.4978;75;75
477300;327.4978;75;75
477600;327.7173;75;75
477899;327.7173;75;75
478200;327.7173;75;75
478500;327.7173;75;75
478800;327.7173;75;75
479100;327.7173;75;75
479400;327.7173;75;75
479700;327.9368;75;75
480000;327.9368;75;75
480300;327.9368;75;75
480600;327.9365;75;75
480900;327.9365;75;75
481200;327.9365;75;75
481500;328.1459;75;75
481800;328.1459;75;75
482100;328.1459;75;75
482400;328.1459;75;75
482700;328.1455;75;75
483000;328.1455;75;75
483300;328.1455;75;75
483600;328.3551;75;75
483900;328.3551;75;75
484200;328.3551;75;75
484500;328.3551;75;75
484800;328.3551;75;75
485100;328.3551;75;75
485400;328.3551;75;75
485700;328.5645;75;75
486000;328.5645;75;75
486301;328.5645;75;75
486600;328.5645;75;75
486900;328.5645;75;75
487200;328.5645;75;75
487500;328.774;75;75
487800;328.774;75;75
488100;328.774;75;75
488400;328.774;75;75
488699;328.774;75;75
489000;328.774;75;75
489299;328.774;75;75
489600;328.9836;75;75
489900;328.9836;75;75
490200;328.9836;75;75
490500;328.9832;75;75
490800;328.9832;75;75
491100;328.9832;75;75
491400;328.9832;75;75
491700;329.1928;75;75
492000;329.1928;75;75
492300;329.1928;75;75
492601;329.1928;75;75
492900;329.1928;75;75
493201;329.1928;75;75
493500;329.1928;75;75
493800;329.1928;75;75
494100;329.1928;75;75
494399;329.1928;75;75
494700;329.3925;75;75
495000;329.3925;75;75
495300;329.3925;75;75
495600;329.3925;75;75
495900;329.3925;75;75
496200;329.3925;75;75
496500;329.3923;75;75
496799;329.3923;75;75
497100;329.3923;75;75
497400;329.3923;75;75
497700;329.3922;75;75
498000;329.3922;75;75
498300;329.3922;75;75
498600;329.3922;75;75
498900;329.3922;75;75
499200;329.3922;75;75
499499;329.3922;75;75
499800;329.3922;75;75
500100;329.3922;75;75
500400;329.3922;75;75
500700;329.3922;75;75
501000;329.3922;75;75
501300;329.3922;75;75
501600;329.3922;75;75
501900;329.3922;75;75
502200;329.3922;75;75
502500;329.3922;75;75
502800;329.3922;75;75
503100;329.3922;75;75
503400;329.3922;75;75
503700;329.3922;75;75
504000;329.3922;75;75
504300;329.3922;75;75
504600;329.3922;75;75
504900;329.3922;75;75
505200;329.3922;75;75
505500;329.4922;75;75
505800;329.3923;75;75
506100;329.3923;75;75
506400;329.3923;75;75
506700;329.3923;75;75
507000;329.3923;75;75
507300;329.3923;75;75
507600;329.3923;75;75
507900;329.3923;75;75
508200;329.3923;75;75
508500;329.3923;75;75
508800;329.3923;75;75
509100;329.3923;75;75
509400;329.3923;75;75
509700;329.3924;75;75
510000;329.3924;75;75
510300;329.3924;75;75
510600;329.3924;75;75
510900;329.3924;75;75
511200;329.3924;75;75
511500;329.3924;75;75
511800;329.3924;75;75
512100;329.3924;75;75
512400;329.3924;75;75
512700;329.3924;75;75
513000;329.3924;75;75
513300;329.3924;75;75
513600;329.3925;75;75
513900;329.3925;75;75
514200;329.3925;75;75
514500;329.3925;75;75
514800;329.3925;75;75
515100;329.3925;75;75
515400;329.3925;75;75
515700;329.3925;75;75
516000;329.3925;75;75
516300;329.3925;75;75
516600;329.3925;75;75
516901;329.3925;75;75
517200;329.3925;75;75
517500;329.3925;75;75
517800;329.3926;75;75
518100;329.3926;75;75
518400;329.3926;75;75
518700;329.3926;75;75
519000;329.3926;75;75
519300;329.3926;75;75
519600;329.3926;75;75
519900;329.3926;75;75
520200;329.3926;75;75
520500;329.3926;75;75
520800;329.3926;75;75
521100;329.3926;75;75
521400;329.3926;75;75
521700;329.3926;75;75
522000;329.3926;75;75
522300;329.3926;75;75
522600;329.3926;75;75
522900;329.3926;75;75
523200;329.3926;75;75
523500;329.3926;75;75
523800;329.3926;75;75
524100;329.3926;75;75
524400;329.3926;75;75
524699;329.3926;75;75
525000;329.3926;75;75
525300;329.3926;75;75
525600;329.3926;75;75
525900;329.3926;75;75
526200;329.3926;75;75
526500;329.3926;75;75
526800;329.3927;75;75
527100;329.3927;75;75
527400;329.3927;75;75
527700;329.3927;75;75
528000;329.3927;75;75
528300;329.3927;75;75
528600;329.3927;75;75
528900;329.3927;75;75
529199;329.3927;75;75
529500;329.3927;75;75
529800;329.3927;75;75
530100;329.3927;75;75
530401;329.3927;75;75
530700;329.3927;75;75
531000;329.3927;75;75
531300;329.3927;75;75
531600;329.3927;75;75
531900;329.3927;75;75
532200;329.3927;75;75
532500;329.3927;75;75
532800;329.3927;75;75
533100;329.3927;75;75
533400;329.3927;75;75
533699;329.3927;75;75
534000;329.3927;75;75
534300;329.3927;75;75
534600;329.3927;75;75
534900;329.3928;75;75
535200;329.3928;75;75
535500;329.3928;75;75
535800;329.3929;75;75
536100;329.3929;75;75
536400;329.3929;75;75
536700;329.3929;75;75
537000;329.3929;75;75
537300;329.3929;75;75
537600;329.3929;75;75
537900;329.3929;75;75
538200;329.3929;75;75
538500;329.3929;75;75
538800;329.3929;75;75
539100;329.3929;75;75
539400;329.3929;75;75
539700;329.3929;75;75
539999;329.3929;75;75
540300;329.3929;75;75
540600;329.3929;75;75
540900;329.3929;75;75
541200;329.3929;75;75
541500;329.3929;75;75
541800;329.3929;75;75
542100;329.3929;75;75
542400;329.3929;75;75
542700;329.393;75;75
543000;329.393;75;75
543300;329.393;75;75
543600;329.393;75;75
543900;329.393;75;75
544200;329.393;75;75
544500;329.393;75;75
544800;329.393;75;75
545100;329.393;75;75
545400;329.393;75;75
545700;329.393;75;75
546000;329.393;75;75
546300;329.393;75;75
546600;329.393;75;75
546899;329.3931;75;75
547200;329.3931;75;75
547500;329.3931;75;75
547800;329.3931;75;75
548100;329.3931;75;75
548400;329.3931;75;75
548700;329.3932;75;75
549000;329.3932;75;75
549300;329.3932;75;75
549600;329.3932;75;75
549900;329.3933;75;75
550200;329.3933;75;75
550500;329.3933;75;75
550800;329.3933;75;75
551100;329.3933;75;75
551400;329.3933;75;75
551700;329.3933;75;75
552000;329.3933;75;75
552300;329.3933;75;75
552600;329.3933;75;75
552900;329.3934;75;75
553200;329.3934;75;75
553500;329.3934;75;75
553800;329.3934;75;75
554100;329.3934;75;75
554400;329.3934;75;75
554700;329.3934;75;75
555000;329.3934;75;75
555300;329.3934;75;75
555600;329.3934;75;75
555900;329.3934;75;75
556200;329.3934;75;75
556500;329.3934;75;75
556800;329.3934;75;75
557100;329.3934;75;75
557400;329.3934;75;75
557700;329.3934;75;75
558000;329.3934;75;75
558300;329.3934;75;75
558600;329.3934;75;75
558900;329.3935;75;75
559200;329.3935;75;75
559500;329.3935;75;75
559800;329.3935;75;75
560100;329.3935;75;75
560400;329.3935;75;75
560700;329.3935;75;75
560999;329.3935;75;75
561300;329.3935;75;75
561600;329.3935;75;75
561900;329.3935;75;75
562200;329.3935;75;75
562500;329.3935;75;75
562800;329.3935;75;75
563100;329.3935;75;75
563400;329.3935;75;75
563699;329.3935;75;75
564000;329.3935;75;75
564300;329.3935;75;75
564600;329.3935;75;75
564900;329.3935;75;75
565200;329.3935;75;75
565500;329.3935;75;75
565800;329.3935;75;75
566100;329.3935;75;75
566400;329.3935;75;75
566700;329.3935;75;75
567000;329.3935;75;75
567300;329.3935;75;75
567600;329.3935;75;75
567900;329.3935;75;75
568200;329.3935;75;75
568500;329.3935;75;75
568800;329.3936;75;75
569100;329.3936;75;75
569400;329.3936;75;75
569700;329.3936;75;75
570000;329.3936;75;75
570300;329.3936;75;75
570600;329.3936;75;75
570900;329.3936;75;75
571199;329.3936;75;75
571500;329.3936;75;75
571800;329.3936;75;75
572100;329.3936;75;75
572400;329.3936;75;75
572700;329.3936;75;75
573000;329.3937;75;75
573300;329.3937;75;75
573600;329.3937;75;75
573900;329.3937;75;75
574200;329.3937;75;75
574500;329.3937;75;75
574800;329.3937;75;75
575100;329.3937;75;75
575400;329.3937;75;75
575700;329.3937;75;75
576000;329.3938;75;75
576300;329.3938;75;75
576600;329.3938;75;75
576901;329.3938;75;75
577200;329.3938;75;75
577500;329.3938;75;75
577800;329.3938;75;75
578100;329.3938;75;75
578399;329.3938;75;75
578700;329.3938;75;75
579000;329.3938;75;75
579300;329.3938;75;75
579600;329.3938;75;75
579900;329.3938;75;75
580200;329.3938;75;75
580499;329.3938;75;75
580800;329.3938;75;75
581100;329.3938;75;75
581400;329.3938;75;75
581700;329.3938;75;75
582000;329.3938;75;75
582300;329.3938;75;75
582600;329.3938;75;75
582901;329.3938;75;75
583200;329.3938;75;75
583500;329.3938;75;75
583799;329.3939;75;75
584100;329.3939;75;75
584400;329.3939;75;75
584700;329.3939;75;75
585000;329.3939;75;75
585301;329.3939;75;75
585600;329.3939;75;75
585900;329.3939;75;75
586200;329.3939;75;75
586500;329.3939;75;75
586800;329.3939;75;75
587100;329.3939;75;75
587400;329.3939;75;75
587700;329.3939;75;75
588000;329.3939;75;75
588300;329.3939;75;75
588600;329.3939;75;75
588900;329.3939;75;75
589200;329.3939;75;75
589500;329.3939;75;75
589800;329.3939;75;75
590100;329.3939;75;75
590400;329.3939;75;75
590700;329.3939;75;75
591000;329.3939;75;75
591300;329.3939;75;75
591600;329.3939;75;75
591900;329.3939;75;75
592200;329.3939;75;75
592500;329.3939;75;75
592800;329.3939;75;75
593100;329.3939;75;75
593400;329.3939;75;75
593700;329.3939;75;75
594000;329.3939;75;75
594300;329.3939;75;75
594600;329.3939;75;75
594900;329.394;75;75
595200;329.394;75;75
595500;329.394;75;75
595800;329.394;75;75
596100;329.394;75;75
596400;329.394;75;75
596700;329.394;75;75
597000;329.394;75;75
597300;329.394;75;75
597601;329.394;75;75
597900;329.394;75;75
598200;329.394;75;75
598500;329.394;75;75
598800;329.394;75;75
599100;329.394;75;75
599399;329.394;75;75
599700;329.394;75;75
600001;329.394;75;75
600300;329.394;75;75
600600;329.394;75;75
600900;329.394;75;75
601200;329.394;75;75
601500;329.394;75;75
601800;329.4839;75;75
602101;329.394;75;75
602400;329.394;75;75
602700;329.394;75;75
603000;329.3941;75;75
603300;329.3941;75;75
603600;329.3941;75;75
603900;329.3941;75;75
604200;329.3941;75;75
604500;329.3941;75;75
604800;329.4841;75;75
605100;329.3941;75;75
605400;329.3941;75;75
605700;329.3941;75;75
606000;329.3941;75;75
606300;329.3941;75;75
606600;329.3941;75;75
606900;329.3941;75;75
607200;329.3941;75;75
607500;329.3941;75;75
607800;329.3941;75;75
608101;329.3941;75;75
608401;329.3941;75;75
608700;329.3941;75;75
608999;329.3941;75;75
609300;329.3941;75;75
609600;329.3941;75;75
609900;329.3941;75;75
610200;329.3941;75;75
610500;329.3941;75;75
610800;329.3941;75;75
611100;329.3942;75;75
611400;329.3942;75;75
611700;329.3942;75;75
612000;329.3942;75;75
612300;329.3942;75;75
612599;329.3942;75;75
612900;329.3942;75;75
613200;329.3942;75;75
613500;329.3942;75;75
613800;329.3942;75;75
614100;329.3942;75;75
614400;329.3942;75;75
614700;329.3942;75;75
615000;329.3942;75;75
615300;329.3942;75;75
615600;329.3942;75;75
615900;329.3942;75;75
616200;329.3942;75;75
616500;329.3942;75;75
616800;329.3942;75;75
617100;329.3943;75;75
617400;329.3943;75;75
617700;329.3943;75;75
618000;329.3943;75;75
618300;329.3943;75;75
618600;329.3943;75;75
618900;329.3943;75;75
619200;329.3943;75;75
619500;329.3943;75;75
619800;329.3943;75;75
620100;329.3943;75;75
620400;329.3943;75;75
620700;329.3943;75;75
621000;329.3943;75;75
621300;329.3943;75;75
621601;329.3943;75;75
621900;329.3943;75;75
622200;329.3943;75;75
622500;329.3943;75;75
622800;329.3943;75;75
623100;329.3943;75;75
623401;329.3943;75;75
623700;329.3943;75;75
624000;329.3944;75;75
624300;329.3944;75;75
624600;329.3944;75;75
624900;329.3944;75;75
625200;329.3944;75;75
625500;329.3944;75;75
625800;329.3944;75;75
626100;329.3944;75;75
626400;329.3944;75;75
626700;329.3944;75;75
627000;329.3944;75;75
627300;329.3944;75;75
627600;329.3944;75;75
627900;329.3944;75;75
628200;329.3944;75;75
628500;329.3944;75;75
628800;329.3944;75;75
629100;329.3944;75;75
629400;329.3944;75;75
629700;329.3944;75;75
630000;329.3944;75;75
630300;329.3944;75;75
630600;329.3944;75;75
630899;329.3944;75;75
631200;329.3944;75;75
631500;329.3944;75;75
631800;329.3944;75;75
632100;329.3944;75;75
632400;329.3944;75;75
632700;329.3944;75;75
633000;329.3944;75;75
633300;329.3944;75;75
633600;329.3944;75;75
633900;329.3944;75;75
634200;329.3945;75;75
634500;329.3945;75;75
634800;329.3945;75;75
635100;329.3946;75;75
635400;329.3946;75;75
635700;329.3946;75;75
636000;329.3946;75;75
636300;329.3946;75;75
636600;329.3946;75;75
636900;329.3946;75;75
637200;329.3946;75;75
637499;329.3946;75;75
637800;329.3946;75;75
638100;329.3946;75;75
638400;329.3946;75;75
638700;329.3946;75;75
639000;329.3946;75;75
639300;329.3946;75;75
639600;329.3946;75;75
639900;329.3946;75;75
640200;329.3946;75;75
640500;329.3946;75;75
640800;329.3946;75;75
641100;329.3946;75;75
641400;329.3946;75;75
641700;329.3946;75;75
642000;329.3946;75;75
642300;329.3946;75;75
642600;329.3946;75;75
642900;329.3946;75;75
643200;329.3946;75;75
643500;329.3946;75;75
643800;329.3946;75;75
644100;329.3946;75;75
644400;329.3946;75;75
644700;329.3946;75;75
645000;329.3947;75;75
645300;329.3947;75;75
645600;329.3947;75;75
645900;329.3947;75;75
646200;329.3947;75;75
646500;329.3947;75;75
646800;329.3947;75;75
647100;329.3948;75;75
647400;329.3948;75;75
647700;329.3948;75;75
648000;329.3949;75;75
648300;329.3949;75;75
648600;329.3949;75;75
648900;329.3949;75;75
649200;329.3949;75;75
649500;329.3949;75;75
649800;329.3949;75;75
650100;329.3949;75;75
650400;329.3949;75;75
650700;329.3949;75;75
651000;329.3949;75;75
651300;329.3949;75;75
651600;329.3949;75;75
651900;329.3949;75;75
652200;329.3949;75;75
652500;329.3949;75;75
652800;329.3949;75;75
653101;329.3949;75;75
653400;329.3949;75;75
653700;329.3949;75;75
654000;329.3949;75;75
654300;329.3949;75;75
654600;329.3949;75;75
654900;329.3949;75;75
655200;329.395;75;75
655500;329.395;75;75
655800;329.395;75;75
656100;329.395;75;75
656399;329.395;75;75
656700;329.395;75;75
657000;329.395;75;75
657300;329.395;75;75
657600;329.395;75;75
657901;329.395;75;75
658200;329.3951;75;75
658500;329.3951;75;75
658800;329.3951;75;75
659099;329.3951;75;75
659399;329.3951;75;75
659700;329.3951;75;75
660000;329.3951;75;75
660300;329.3951;75;75
660600;329.3951;75;75
660900;329.3951;75;75
661200;329.3951;75;75
661500;329.3951;75;75
661800;329.3951;75;75
662100;329.3951;75;75
662400;329.3951;75;75
662700;329.3951;75;75
663000;329.3951;75;75
663300;329.3951;75;75
663600;329.3951;75;75
663900;329.3951;75;75
664201;329.3951;75;75
664500;329.3951;75;75
664800;329.3951;75;75
665100;329.3952;75;75
665400;329.3952;75;75
665700;329.3952;75;75
666000;329.3952;75;75
666300;329.3952;75;75
666600;329.3952;75;75
666900;329.3952;75;75
667200;329.3952;75;75
667499;329.3952;75;75
667800;329.3952;75;75
668100;329.3952;75;75
668400;329.3952;75;75
668700;329.3952;75;75
669000;329.4752;75;75
669300;329.3952;75;75
669600;329.3952;75;75
669900;329.3952;75;75
670200;329.3952;75;75
670500;329.3952;75;75
670800;329.3952;75;75
671100;329.3952;75;75
671400;329.3952;75;75
671700;329.3952;75;75
672000;329.3952;75;75
672300;329.3952;75;75
672600;329.3952;75;75
672900;329.3952;75;75
673200;329.3952;75;75
673500;329.3952;75;75
673800;329.3952;75;75
674099;329.3952;75;75
674400;329.3952;75;75
674700;329.3952;75;75
675000;329.3952;75;75
675300;329.3952;75;75
675600;329.3952;75;75
675900;329.3952;75;75
676200;329.3952;75;75
676500;329.3952;75;75
676800;329.3952;75;75
677100;329.3952;75;75
677400;329.3952;75;75
677700;329.3952;75;75
678000;329.3952;75;75
678300;329.3952;75;75
678600;329.3952;75;75
678900;329.3952;75;75
679200;329.3952;75;75
679500;329.3952;75;75
679800;329.3952;75;75
680100;329.3952;75;75
680400;329.3952;75;75
680700;329.3952;75;75
681000;329.3952;75;75
681300;329.3952;75;75
681600;329.3952;75;75
681900;329.3952;75;75
682200;329.3952;75;75
682500;329.3952;75;75
682800;329.3952;75;75
683100;329.3952;75;75
683400;329.3952;75;75
683700;329.3952;75;75
684000;329.3952;75;75
684300;329.3952;75;75
684600;329.3952;75;75
684900;329.3952;75;75
685200;329.3952;75;75
685500;329.3952;75;75
685800;329.3952;75;75
686100;329.3952;75;75
686400;329.3952;75;75
686700;329.3952;75;75
687000;329.3952;75;75
687300;329.3952;75;75
687600;329.3952;75;75
687899;329.3952;75;75
688200;329.3952;75;75
688500;329.3952;75;75
688800;329.3952;75;75
689100;329.3953;75;75
689399;329.3953;75;75
689700;329.3953;75;75
690000;329.3953;75;75
690300;329.3954;75;75
690600;329.3954;75;75
690900;329.3954;75;75
691200;329.3954;75;75
691500;329.3954;75;75
691800;329.3954;75;75
692100;329.3954;75;75
692400;329.3954;75;75
692700;329.3954;75;75
693000;329.3954;75;75
693300;329.3954;75;75
693600;329.3954;75;75
693900;329.3954;75;75
694200;329.3954;75;75
694500;329.3954;75;75
694800;329.3954;75;75
695100;329.3954;75;75
695400;329.3954;75;75
695700;329.3954;75;75
696000;329.3954;75;75
696300;329.3954;75;75
696600;329.3954;75;75
696900;329.3954;75;75
697200;329.3954;75;75
697500;329.3954;75;75
697800;329.3954;75;75
698100;329.3954;75;75
698400;329.3954;75;75
698699;329.3954;75;75
699000;329.3954;75;75
699300;329.3955;75;75
699601;329.3955;75;75
699900;329.3955;75;75
700200;329.3955;75;75
700500;329.3955;75;75
700800;329.3955;75;75
701100;329.3955;75;75
701400;329.3955;75;75
701700;329.3955;75;75
702000;329.3955;75;75
702300;329.3955;75;75
702600;329.3955;75;75
702900;329.3955;75;75
703200;329.3955;75;75
703499;329.3955;75;75
703800;329.3955;75;75
704101;329.4655;75;75
704400;329.3955;75;75
704699;329.3955;75;75
705000;329.3955;75;75
705300;329.3956;75;75
705600;329.3956;75;75
705900;329.3956;75;75
706200;329.3956;75;75
706500;329.3956;75;75
706800;329.3956;75;75
707100;329.3956;75;75
707401;329.3956;75;75
707700;329.3956;75;75
708000;329.3956;75;75
708300;329.3956;75;75
708600;329.3956;75;75
708900;329.3956;75;75
709200;329.3956;75;75
709500;329.3956;75;75
709800;329.3956;75;75
710100;329.3956;75;75
710400;329.3956;75;75
710700;329.3956;75;75
711000;329.3956;75;75
711300;329.3957;75;75
711600;329.3957;75;75
711900;329.3957;75;75
712200;329.3957;75;75
712499;329.3957;75;75
712800;329.3957;75;75
713100;329.3957;75;75
713400;329.3957;75;75
713700;329.3957;75;75